<filetype binary="false" description="bitproto protocol description file" name="bitproto">
  <highlighting>
    <options>
      <option name="LINE_COMMENT" value="//" />
      <option name="COMMENT_START" value="" />
      <option name="COMMENT_END" value="" />
      <option name="HEX_PREFIX" value="" />
      <option name="NUM_POSTFIXES" value="" />
      <option name="HAS_BRACES" value="true" />
      <option name="HAS_BRACKETS" value="true" />
      <option name="HAS_STRING_ESCAPES" value="true" />
    </options>
    <keywords keywords="import;option;proto" ignore_case="false" />
    <keywords2 keywords="enum;message" />
    <keywords3 keywords="const;type;typedef" />
    <keywords4 />
  </highlighting>
  <extensionMap>
    <mapping ext="bitproto" />
  </extensionMap>
</filetype>